{"itemCount":90,"md5Checksum":"Xe25vqqCWzV0VrY6CPl9bw==","etag":"e4acd554a5bc527e55e560edad2c360b-1","dataFileS3Key":"export2/AWSDynamoDB/01675827068595-ddc3d498/data/yqn5smjtai7nvenaevvkgo3b5m.json.gz"}
{"itemCount":84,"md5Checksum":"QqooNlwuzUz6oG0kqKUPuA==","etag":"8c86dc517d69c49bb2ca8beaa7bc772c-1","dataFileS3Key":"export2/AWSDynamoDB/01675827068595-ddc3d498/data/2za4k7ae2m4ozlvducvtdkjaq4.json.gz"}
{"itemCount":90,"md5Checksum":"/CYd0DlTJLX16+x+rEeZ3A==","etag":"6ce5b0d570bd257f53c63032e67424d4-1","dataFileS3Key":"export2/AWSDynamoDB/01675827068595-ddc3d498/data/exmyp6f2dq3a5mld3tty4p4uiq.json.gz"}
{"itemCount":86,"md5Checksum":"ugU/BoAa2H36iVlv37n5Jg==","etag":"8df136c5d99ba9458ce6e046e01be241-1","dataFileS3Key":"export2/AWSDynamoDB/01675827068595-ddc3d498/data/mqw6t6xx7q5gnpzuumfc7i4tti.json.gz"}
