{"version":"2020-06-30","exportArn":"arn:aws:dynamodb:us-west-1:984073016564:table/test-rets-search/export/01675827068595-ddc3d498","startTime":"2023-02-08T03:31:08.595Z","endTime":"2023-02-08T03:36:21.411Z","tableArn":"arn:aws:dynamodb:us-west-1:984073016564:table/test-rets-search","tableId":"f7c22273-d6c9-475d-8923-283ad3fe5676","exportTime":"2023-02-08T03:31:08.595Z","s3Bucket":"temp-data-export-20230207","s3Prefix":"export2","s3SseAlgorithm":"AES256","s3SseKmsKeyId":null,"manifestFilesS3Key":"export2/AWSDynamoDB/01675827068595-ddc3d498/manifest-files.json","billedSizeBytes":951074,"itemCount":350,"outputFormat":"DYNAMODB_JSON"}